text,label
What was originally defined as one 1-millionth of the distance from the equator to the Pole ?,1
Name a technique widely used to detect birth defects ?,1
What was the longest war in U.S. history ?,1
What are the seven wonders of the world ?,1
What holidays are celebrated in Ireland ?,1
What English word contains the most letters ?,1
In what ways did Ivan IV support Russian expansion ?,1
What do goldfish lose if kept in dimly-lit or running water ?,1
What Broadway musical was inspired by Cervantes 's Don Quixote ?,1
What animal migrates the farthest ?,1
What is the name of the 1919 occurrence in which British troops killed over 3 unarmed Indian protestors ?,1
What is `` the taste that beats the others cold '' ?,1
What should the oven be set at for baking Peachy Oat Muffins ?,1
What ice creams contain seaweed ?,1
"What is the name of the ` female ' counterpart to El Nino , which results in cooling temperatures and very dry weather ?",1
What developed a crack in 1835 while tolling the death of U.S. Chief Justice John Marshall ?,1
What is a fear of money ?,1
What are two plants that clothes are made from ?,1
What was George Washington afraid of ?,1
What does the Ouarterly Review of Doublespeak call an `` inoperative statement '' ?,1
What is the longest English word ?,1
What 's the term for any four-sided figure ?,1
What did Thomas Paine write ?,1
What sport is played on the largest field ?,1
What plants are found in an estuary ?,1
What colors make up a rainbow ?,1
What Kennedy was married to Ethel ?,1
What is the name of the Michelangelo painting that shows two hands with fingers touching ?,1
What is `` the soft drink for adults '' ?,1
What product did William Horlick discover and produce ?,1
What is the longest-running television series ?,1
What foods contain the most protein ?,1
"What card game has variations called Canfield , Klondike and Spider ?",1
What are the wolverine habits ?,1
What was the name of Betty Boop 's dog ?,1
What was the name of Aristotle Onassis 's yacht ?,1
What instrument does Benny Carter play ?,1
What war saw a naval battle between the luxury liners Cap Trafalgar and the Carmania ?,1
What 1964 film introduced the song My Kind of Town ?,1
"How do you say , `` I love you '' in other languages ?",1
What is the fastest-growing comic strip of all time ?,1
Which sex is denied voting rights in Kuwait ?,1
What are some translations of the phrase `` Thank-you '' ?,1
Which condiment was once sold as a patent medicine ?,1
What was the favorite sport of Tom Wolfe 's The Pump House Gang ?,1
What is the Taj Majal made of ?,1
What 's the most popular form of gambling with women in Las Vegas ?,1
What scale measures earthquakes ?,1
What color of dry wine should be served with veal roasts and chops ?,1
What 's the highest-ranking suit in bridge ?,1
What is Dr. Seuss ' most popular book ?,1
What is predicted to topple over between 2010 and 2020 ?,1
Which gender has bigger thighs ?,1
Which side should a bowler facing a 37803 split hit the 3-pin on-the left or the right ?,1
Name four famous cartoon cats .,1
How do you say 2 in Latin ?,1
"In Kafka 's Metamorphosis , the hero awakes one morning to find himself turned into what ?",1
What disease does Katharine Hepburn have that makes her voice shake ?,1
What color is the stripe along each side of a Coho salmon ?,1
What 1956 Grace Metalious novel was on the best-seller list for two years ?,1
What delicacy is known indelicately as pickled roe ?,1
Which of the five senses develops first ?,1
What is the world 's best selling cookie ?,1
What did the crocodile swallow in Peter Pan ?,1
What is Chiricahua the name of ?,1
What is a fear of hair ?,1
What is Grenada 's main commodity export ?,1
Name one of the Seven Wonders of the Ancient World .,1
"What cereal goes `` snap , crackle , pop '' ?",1
Name Li 'l Abner 's favorite Indian drink .,1
What can I use to remove the stubborn gummed labels from some diskettes ?,1
What is a fear of thunder ?,1
What football bowl game 's first queen was Hallie Woods ?,1
What were the names of the three ships used by Columbus ?,1
What did the Chinese emperor present to the English soldier Gordon in recognition of his services in quelling rebellions ?,1
What is a fear of rejection ?,1
What was the name of the ball game played by the mayans ?,1
What is an example of a natural acid-base indicator ?,1
What does an ashen-faced eidologist search out the existence of ?,1
"What 1950 film won seven Oscars , including best picture ?",1
What color are a cherry tree 's flowers ?,1
"What was the name of the television show , starring Karl Madsen , that had San Francisco in the title ?",1
What is a fear of points ?,1
What movie did Steven Spielberg direct in 1975 ?,1
What type of betting is used in horse racing ?,1
What kind of education do I need to become a flight attendant ?,1
What was `` America 's recessed-filter cigarette '' ?,1
What is the only primate to lack pigment in the palms of its hands ?,1
Stuart Hamblen is considered to be the first singing cowboy of which medium ?,1
What is the mission of Nike ?,1
What was Hitler 's favorite movie ?,1
What is Bella Abzug 's sartorial trademark ?,1
What is the correct way to use `` may '' vs. `` might '' ?,1
"What is a term for behavior , appearance , or expression that violates the accepted standards of sexual morality ?",1
What are some tips for building a fire in a fireplace ?,1
What is a fear of trees ?,1
What Irwin Allen bomb has Richard Widmark saying he 'll be `` the first officer in history to get his butt kicked by a mess of bugs ! '' ?,1
What kind of patent did Ermal Fraze get in 1963 ?,1
What was John F. Kennedy 's 1960 campaign song ?,1
Name the soft drink that is `` number one in the sun . '',1
What plant has the largest seed ?,1
What is the longest English word that can be formed using just the first row of letters on a typewriter ?,1
What term does a Czech use to describe a Pole ?,1
Which two products use a tiger as their symbol ?,1
What is a fear of gravity ?,1
What Triple Crown-winning horse took the 1973 Belmont Stakes by 31 lengths ?,1
What Frederick Forsyth novel chronicles the toppling of an African government by mercenaries ?,1
What 's a Craps player called ?,1
Ray Charles is best known for playing what instrument ?,1
What color were Ernest Hemingway 's eyes ?,1
What kind of species is the monster in the film `` Jaws '' ?,1
What are the ingredients of Coca-Cola ?,1
What 's approaching when a cyclist shouts : `` Oil '' ?,1
What 's the highest hand in straight poker ?,1
What are the different types of plastic ?,1
What is the first book of the Old Testament ?,1
What medium is Stuart Hamblen the first singing cowboy in ?,1
What did Warlock wear on his forehead in Marvel comics ?,1
What is the Jewish bible called ?,1
What can one see in Reims ?,1
What line of candy products included Super Skrunch and Peanut Butter Oompas ?,1
What are dinosaur droppings called ?,1
"What was the 24-disc John Gabel Entertainer the first example of , in 1960 ?",1
What are close encounters of the first and second kind ?,1
What racehorse won an Associated Press poll as the greatest horse of the 20th century ?,1
What does EKG stand for ?,2
What is the abbreviation of the International Olympic Committee ?,2
What does `` B.Y.O.B. '' mean ?,2
What is the acronym for the rating system for air conditioner efficiency ?,2
"What do the letters D.C. stand for in Washington , D.C. ?",2
What does G.M.T. stand for ?,2
What does ` PSI ' stand for ?,2
"What does Ms. , Miss , and Mrs. stand for ?",2
"What is p.m. an abbreviation for , as in 5 p.m. ?",2
"Whose funeral train traveled from Washington D.C. to Springfield , Illinois ?",3
"What U.S. vice-president once declared : `` If you 've seen one slum , you 've seen them all '' ?",3
"Who says , `` If you don 't look good , we don 't look good '' ?",3
Who was the actor who played Sam in the movie Casablanca ?,3
What writer-journalist made his mark describing colorful Broadway and underworld characters ?,3
Who was the first American world chess champion ?,3
What famous comedian recently tried without success to revive the play ?,3
Who painted Mother and Child ?,3
What TV sitcom character had the maiden name Ethel Potter ?,3
Who invented the Wonderbra ?,3
Name the five positions who are in the line of succession to the presidency .,3
"What are the first names of Rowan and Martin , the stars of TV 's Laugh-In ?",3
What was her real name ?,3
What TV character sired a horse named Thunder ?,3
What 4-foot-9 actress in 1984 became the first performer to win an Oscar for playing a character of the opposite sex ?,3
What are the residents of the island of Lesbos called ?,3
Who were the `` filthiest people alive ? '',3
What was the name of the first Russian astronaut to do a spacewalk ?,3
Who was nicknamed The Little Corporal ?,3
Who held the endurance record for women pilots in 1929 ?,3
Who plays shortstop for Charlie Brown 's baseball team ?,3
What writer is famous for physically putting himself into the center of his subject matter ?,3
"What schools in the Washington , DC NN NN VBP NN NN NN NN .",3
Who makes the `` cross-your-heart bra '' ?,3
Who portrayed Field Marshal Erwin Rommel in The Desert Fox ?,3
Who said : `` The victor will never be asked if he told the truth '' ?,3
Who is the current UN Secretary General ?,3
What famous film and TV cowboy lent his name to a fast food chain ?,3
What Good Little Witch is Casper 's girlfriend ?,3
Whose cover is that of an employee of Universal Import and Export ?,3
What did the Seven Dwarfs do for a living ?,3
What director portrayed the commandant of the POW camp in 1953 's Stalag 17 ?,3
Who is the current prime minister and president of Russia ?,3
"When Mighty Mouse was conceived , what was his original name ?",3
What is the real name of disc jockey `` Wolfman Jack '' ?,3
Who is Shirley MacLaine ?,3
Name Alvin 's brothers,3
Which of the following celebrities was not born in Philadelphia ?,3
Who is the richest person in the world ?,3
What group asked the musical question Do You Believe in Magic ?,3
What Green Bay Packers coach philosophized : `` There 's nothing that stokes the fire like hate '' ?,3
The major league baseball team in Pittsburgh is called what ?,3
"In Dana 's `` Two Years Before the Mast , '' what seafarers lived in an abandoned oven on the beach at San Diego ?",3
What Russian master spy lived in the U.S. under the name Emil Goldfus ?,3
Which Bourbon king was restored to the French throne during Napoleon 's abdication ?,3
What mythical figure carries an hourglass and a scythe ?,3
What is Li 'l Abner 's last name ?,3
Who followed up his first two underwater thrillers with The Girl of the Sea of Cortez ?,3
What is the oldest profession ?,3
Who was actress June Havoc 's legendary sister ?,3
What onetime member of Ronald Reagan 's cabinet called federal policy toward Indians `` an example of the failure of socialism '' ?,3
Name the Ranger who was always after Yogi Bear .,3
Who is behind the name of the Harvey Wallbanger drink ?,3
What is her profession ?,3
"Who created the Fantastic Four , Hulk , and Thor ?",3
What British female pop singing star of the 1960s and early 1970s was a child actress in the 1940s and '50s ?,3
What comic of TV 's golden age went by the motto `` Anything for a laugh '' ?,3
Which Japanese car maker had its biggest percentage of sale in the domestic market ?,3
Who wrote ` Hamlet ' ?,3
Who thought he 'd never see a poem lovely as a tree ?,3
What Ivy League school plays its home games at Palmer Stadium ?,3
Who was Confucius ?,3
What party was Winston Churchill a member of ?,3
"What U.S. Congressman said : `` Keep the faith , baby '' .",3
What Mormon leader was said to have had 27 wives ?,3
What count did Alexandre Dumas write about ?,3
What department store heir is responsible for raising a three-ton safe from the underwater wreckage of the Andrea Doria ?,3
"What Frenchman claimed the following ? If God did not exist , it would be necessary to invent him . ''",3
What is the name of the Indian who became prime minister by beating Mrs. Gandhi in the 1977 election ?,3
What corporation does Madonna advertise for ?,3
Who gave Abbie Hoffman his first dose of LSD ?,3
Name the person who burst through the screen in the Lite beer commercials .,3
Whose acceptance speech of more than 3 minutes prompted a time limit on Academy Award thank-yous ?,3
What television network flogged its sports programming on Inga Nielsen 's body in 197 ?,3
Who was Secretary of State during the Nixon administration ?,3
"Who lives at 24 Sussex Drive , Ottawa ?",3
What bottled-up TV character was born in Baghdad ?,3
Who was the first doctor to successfully transplant a liver ?,3
"Who does Shakespeare 's Antonio borrow 3 , 0 ducats from ?",3
"What was the name given the 6 , 500 German airforce troops that used the Spanish Civil War as a training exercise ?",3
What was American folk hero John Chapman 's nickname ?,3
What presidential press secretary dismissed Watergate as a third-rate burglary attempt ?,3
Who invented the fountain ?,3
Who died 1 feet from where John F. Kennedy did ?,3
Which two inventors invented Post-its ?,3
What first name was Nipsy Russell given at birth ?,3
"What famous New York City mayor wrote the hit song , `` Will You Love Me in December as You Do in May ? ''",3
Who were the only two bald U.S. Presidents ?,3
Who was the inventor of silly putty ?,3
What author did photographer Yousuf Karsh call `` the shiest man I ever met '' ?,3
Which college did Dikembe Mutombo play basketball for ?,3
What woman pitcher has struck out Ted Williams and Hank Aaron ?,3
"What feathered cartoon characters do Yugoslavians know as Vlaja , Gaja , and Raja ?",3
What are the top ten all-time money making NFL teams ?,3
Name the Four Horsemen of the Apocalypse .,3
"What President was meant for , but never placed in , the empty crypt beneath the capital 's rotunda ?",3
Name the organization that is presided by a Security Council .,3
What company markets a shampoo `` for brunettes only '' ?,3
What robust U.S. President imported his own instructor after seeing a judo match ?,3
What company has built more than 2.5 billion little green houses since 1935 ?,3
Who invented the stock ticker in 1870 ?,3
Name a South African diamond producer ?,3
Name Pittsburgh 's baseball team .,3
Who is the prophet that is most connected to the Dead Sea ?,3
Who was chief engineer of the Starship Enterprise ?,3
Who is the director of intergovernmental affairs for the San Diego county ?,3
Who is the director and editor of the movie Big starring Tom Hanks ?,3
"What member of The Little Rascals has an on-again , off-again sweetheart in Darla Hood ?",3
Who owns CNN ?,3
What is Nicholas Cage 's profession ?,3
Who were the 1974 Oscar winners ?,3
Who is the fastest guitarist ?,3
Who wrote Sons and Lovers ?,3
What Pope inaugurated Vatican International Radio ?,3
Who were leaders of the Byzantine empire ?,3
Who plays the cop in the movie `` Kindergarten Cop '' ?,3
What president also became a supreme court justice ?,3
Who wrote NN DT NNP NNP '' ?,3
What was Mao 's second name ?,3
Who was the first actress to appear on a postage stamp ?,3
Who is the nebbish that is Marvel 's official mascot ?,3
Who portrayed the title character in the film The Day of the Jackal ?,3
How many Russians have landed on the moon ?,4
What 's the American dollar equivalent for 8 pounds in the U.K. ?,4
"What is the mean income of the top 10% , top 5% , and top 1% ?",4
How many times in his 16-year National Basketball Associaton career was John Havlicek a member of the all-star team ?,4
How many cherubs are there on a Trivial Pursuit board ?,4
How many Superbowls have the ers won ?,4
What 's the American dollar equivalent for 8 pounds in the U.K. ?,4
How many sides does an obelisk have ?,4
Hitler came to power in Germany in what year ?,4
How many blacks served in the Vietnam War,4
How long does it take to hike the entire Appalachian Trail ?,4
How many people die from snakebite poisoning in the U.S. per year ?,4
What 's the score of a forfeited baseball game ?,4
How many revolutions does a standard LP make in three minutes ?,4
When was the last major eruption of Mount St. Helens ?,4
How many people did Randy Steven Craft murder ?,4
How much Coca Cola is drunk in one day in the world ?,4
What is the normal resting heart rate of a healthy adult ?,4
How many visitors go to the Vatican each year ?,4
What was Einstein 's IQ ?,4
How many miles of corridors are in The Pentagon ?,4
How many people die from tuberculosis each year ?,4
How long does it take the typical hen to lay 19 dozen eggs ?,4
How many calories are in a tomato ?,4
How many states have a lottery ?,4
What was Einstein 's IQ ?,4
How long do you have to pay back debt after claiming chapter 11 bankruptcy ?,4
How tall is Prince Charles ?,4
How many gallons of paint does it take to paint the Golden Gate Bridge ?,4
What chapter of the Bible has the most verses ?,4
"When did Aldous Huxley write , `` Brave New World '' ?",4
How many shots can a stock M16 hold ?,4
How deep is a fathom ?,4
How many milligrams are in a gram ?,4
How many small businesses are there in the U.S .,4
How tall was the animated Frankenstein,4
What 's men 's par on a 455-yard golf hole ?,4
When did World War I start ?,4
What is the average time to kiss somene ?,4
The Olympic Games in which year allowed Nadia Comaneci to become popular ?,4
How much pizza do Americans eat in a day ?,4
How many cables support the main span of the Golden Gate Bridge ?,4
How many electoral votes does it take to win presidency ?,4
"How many megawatts will the power project in Indonesia , built by a consortium headed by Mission Energy of US , produce ?",4
What year did Jack Nicklaus join the Professional Golfers Association tour ?,4
How many electoral college votes does Colorado have ?,4
How old is Britney Spears ?,4
What 's the Fahrenheit equivalent of zero degrees centigrade ?,4
How many rings are there on a five-zone archery target ?,4
How many miles of veins are in the circulatory system ?,4
How many islands does Fiji have ?,4
What is the population of Kansas ?,4
What is the population of Japan ?,4
What year was the first automobile manufactured ?,4
What year did Hitler die ?,4
What is the probability that at least 2 out of 25 people will have the same birthday ?,4
How many rows of sprocket holes does a roll of 35-millimeter film have ?,4
How many times a day does the typical person go to the bathroom ?,4
How many websites are there in the world ?,4
How many calories are there in a glass of water ?,4
How much time does the blinking of an eye take ?,4
"What is the population of Arcadia , Florida ?",4
How many Grammys did Michael Jackson win in 1983 ?,4
What is the salary of a U.S. Representative ?,4
How many bones are there in the human hand ?,4
How many years ago did Led Zeppelin release its last album ?,4
"How much would a black-and-white 1-cent stamp be worth , Thomas Jefferson on it ?",4
How long do cardinal eggs incubate ?,4
How many chairs are shown in Vincent Van Gogh 's 188 work The Artist 's Room in Arles ?,4
How many of every 10 members of the Rodeo Cowboys Association have never worked a ranch ?,4
When was the first practical commercial typewriter marketed ?,4
How many colored squares are there on a Rubik 's Cube ?,4
What is the chemical reactivity of neon ?,4
What time of day did Emperor Hirohito die ?,4
How many wives did Brigham Young have ?,4
How big is Australia ?,4
When does menstruation begin ?,4
How many children under 18 are victims of some sort of Physical Abuse each year ?,4
What is the death toll of people dying from tuberculosis ?,4
How many milliseconds in a second ?,4
What are the odds of giving birth to twins ?,4
How far can you see ?,4
How much did Varian Associates try to sell its vacuum products division to the BOC group for ?,4
What is the chemical reactivity of argon ?,4
How many rows of whiskers does a cat have ?,4
"What is the latitude and longitude of El Paso , Texas ?",4
What is the price for tuberculosis drugs ?,4
When was Richard Nixon born ?,4
How many lakes are there on the Earth ?,4
How many earthworms are in a single pasture ?,4
What is the Homelite Inc. home page ?,5
Where is Webster University ?,5
"In Sinclair Lewis ' `` Main Street , '' what was the name of the typical American town ?",5
Where is Los Vegas ?,5
Where can I find the history of the Hungarian language ?,5
What Asian country has a bill of rights for cows ?,5
What Kenyan city is the safari center for East Africa ?,5
What erupts every hour at Yellowstone National Park ?,5
Where can I buy a good snowboard for less than $200 ?,5
"What is the most important nation in the world , historically ?",5
What South American country won its first World Cup soccer title in 1978 ?,5
What are the capital cities of the two large countries that occupy the Iberian peninsula in Europe ?,5
What island group is Guadalcanal a part of ?,5
Where can I buy a hat like the kind Jay Kay from Jamiroquai wears ?,5
What New England state covers 5.9 square miles ?,5
Where is the Kentucky Horse Park located ?,5
"What country has the most time zones , with 11 ?",5
What capital is built around Monument Circle which contains soldiers and sailors monument ?,5
Where did the Battle of the Bulge take place ?,5
What city is the Kentucky Horse Park near ?,5
Jackson Pollock is of what nationality ?,5
Where is the Abominable Snowman said to wander ?,5
What are the three most populated countries in the world ?,5
What city has the two steepest streets in the U.S. ?,5
Where is `` Global Schoolhouse '' ?,5
What Metropolis landmark was first introduced in the Superman cartoons of the 1940 's ?,5
What are the 10 largest cities in the US ?,5
"What U.S. state boasts Stone Mountain , the world 's largest mass of exposed granite ?",5
Where are the Haversian canals ?,5
Where does the U.S. get most of its energy ?,5
What 's the only East european country not tied to the ruble ?,5
What is the tallest mountain ?,5
"What European capital celebrated its 2 , 000th anniversary in 1951 ?",5
Where do people mountain climb in Nepal ?,5
What were the cities of Dickens 's A Tale of Two Cities ?,5
What city 's the kickoff point for climbs of Mount Everest ?,5
Where can one find Rider College ?,5
Where is the location of the Orange Bowl ?,5
Which area produces the least acidic coffee ?,5
Where is Mile High Stadium ?,5
Where can I find a website that gives comparisons of good prices ?,5
What country has declared one-fifth of its territory off-limits to Russians ?,5
What is Drew Barrymore 's email address ?,5
What 's the capital of Taiwan ?,5
"What is the best place to live in the world , considering climate , civilization ?",5
What building are British monarchs crowned in ?,5
What nationality was Jackson Pollock ?,5
Where can I get mailing lists ?,5
What U.S. state does the Continental Divide leave to enter Canada ?,5
Name the country which Honecker lived in .,5
What is the seafaring name for the southern tip of South America ?,5
The Orange Bowl is in what city ?,5
What is the world 's highest peak ?,5
What country borders Denmark to the south ?,5
Where is the Taj Mahal ?,5
What attracts tourists to Reims ?,5
Where can I look at a perpetual calendar ?,5
What is the largest natural lake in Pennsylvania ?,5
Where is the Loop ?,5
Where can an individual get a contact lens tested that burned the entire surface of eye when new ?,5
Where can I find a lesson plan for teaching the metric system conversion to American standard ?,5
Where is Belize located ?,5
What planet gave bith to Superman ?,5
What is the leading pecan and peanut growing state ?,5
What U.S. city is known as The Rubber Capital of the World ?,5
What sea is Bombay on ?,5
What state has the most Indians ?,5
What country did the ancient Romans refer to as Hibernia ?,5
What 's the name of a hotel in Indianapolis ?,5
What is the capital of Burkina Faso ?,5
"What California bridge was Don Brown the first to cross , on May 27 , 1937 ?",5
What are the largest breweries in the world ?,5
What country was Mikhail Gorbachev the leader of ?,5
What is the largest island in the Mediterranean Sea ?,5
What country was the setting of You Only Live Twice ?,5
What country are you visiting if you land at President Duvalier Airport ?,5
What is the address of the famous Mexican star `` Thalia '' ?,5
Where do you find the answers for all these questions ?,5
Where is Natick ?,5
Where can I get a complete listing of showtimes in my area ?,5
What nation boarders Mozambique ?,5
Where can I find a list of all the companies in America that offer a direct stock purchase plan ?,5
What U.S. city was named for St. Francis of Assisi ?,5
On which Hawaiian island is Pearl Harbor ?,5
What is the C programming language ?,0
How do you get a pointsettia to turn red ?,0
How can someone become a federal agent ?,0
How can I find out what year a Beanie Baby was introduced ?,0
What is Head Start ?,0
What is a firewall ?,0
What does hazmat stand for ?,0
What does `` E Pluribus Unum '' on the penny mean ?,0
What is a Jake brake ?,0
What does Inuit and Eskimo mean ?,0
What is the HIGHEST Roman numeral ?,0
How do anti-locking brakes work ?,0
What is the difference between a median and a mean ?,0
Why did David Koresh ask the FBI for a word processor ?,0
What is paracetamol ?,0
What is the contents of proposition 98 ?,0
What is a First World country ?,0
What is the origin of gametophytic tissue ?,0
How do I get my LAN card activated so that it can hook up to another computer without using a HUB ?,0
"What are the words to the cd Eminem 's , or slim shady , `` My Name Is '' ?",0
What are the distinct physical characterstics of the Arabian horse ?,0
What does the word terrorism mean ?,0
What is time ?,0
What 's the state motto of California ?,0
What happened to Pompeii ?,0
What does N est-ce pas mean ?,0
What kind of greeting is appropriate to send on Yom Kippur ?,0
What is main reason for that electric vehicles can 't be popular nowadays ?,0
What is `` flintknapping '' ?,0
What is tumbled marble ?,0
What does `` Janelle '' mean ?,0
What is the origin of the term `` buffalo wings '' that is used as a menu item in bars across the nation for chicken wings in a spicey sauce ?,0
What is Jane Goodall famous for ?,0
What does the name Billie mean ?,0
What is the nature of learning ?,0
How did names come about ?,0
What does appropriates money mean ?,0
"Why was Henry Ford 's first automobile calleda Model T & his second type of automobile , introduced in 1928 , called a Model A ?",0
How do I find the balance of my social security account ?,0
What is the difference between fatalism and determinism ?,0
Why do the chickenpoxs last so long ?,0
What is the proof that houseplants metabolize carcinogens ?,0
What is an aortic abdominal aneurysm ?,0
What 's distinctive about a palmiped 's feet ?,0
What is a dangling participle ?,0
What is the history of Valentine 's Day cards ?,0
"What is the history of Hot Wheels cars , and how are they produced ?",0
What is the origin of a.m. and p.m. ?,0
What prompted the co-pilot of the Enola Gay to enter only `` My God '' in his log ?,0
What is the difference between optical and digital video ?,0
Why do they sterilize the needle for lethal injection ?,0
For what reason did the Shea & Gould law firm close their L.A. office ?,0
What is the origin of the ethnic category `` caucasian '' ?,0
How do you convert foot-pounds to foot-inches ?,0
What is the AIM-54C Phoenix ?,0
What is the Milky Way ?,0
Where did the term `` 69 '' come from ?,0
"What did FCC chairman Newton Minow declare TV to be on May 9 , 1961 ?",0
Colin Powell is best known for what achievement ?,0
What is thermal equilibrium ?,0
Why do airliners crash vs. gliding down ?,0
What steps can be taken to prevent diabetes ?,0
What is the origin of the word `` sideburns '' ?,0
What does Elysium mean ?,0
What is meant by `` capital market '' ?,0
What is the nursery rhyme Rock-a-by Baby about ?,0
How is Easter Sunday 's date determined ?,0
What are pomegranates ?,0
How can I find out my Moon sign ?,0
What 's the last line of Dickens 's A Christmas Carol ?,0
What does the word `` meta '' mean ?,0
What are the Baltic States ?,0
Describe the Finnish music personality Salonen 's appearance .,0
How does James Bond like his martinis ?,0
How does a bill become law ?,0
What do insects do through their spiracles ?,0
What features of the African elephant are larger than those of the Indian elephant ?,0
How is the election of a new Pope announced to the world ?,0
"What is deadrise , nautical , ?",0
Why is it called `` hamburger '' if there is no ham in it ?,0
How can I call a friend in another country when I do not know the telephone number ?,0
What does `` Philebus-like '' mean ?,0
What is probability theory ?,0
Why are electric cars less efficient in the northeast than in California ?,0
What does `` Semper Fidelis '' mean ?,0
How do I write to my Congressman ?,0
What is office automation ?,0
How did the Hohenzollerns build their power around 17 ?,0
What was the infamous feat of Germany 's U-2 submarine ?,0
How does a parachute work ?,0
What is a turnkey contract ?,0
What is the difference between a classical and an acoustic guitar ?,0
How is the element strontium purified ?,0
How can I find a phone number of someone if I only know their email address ?,0
What is Eagle 's syndrome styloid process ?,0
What is a portal ?,0
What is the purpose of the SysRq key on my computer keyboard ?,0
What was the V-8 Juice slogan : `` the tastebud '' ?,0
How did the 7th inning stretch get started ?,0
What did the only repealed amendment to the U.S. Constitution deal with ?,0
What is the recommended daily requirement for folic acid for pregnant women ?,0
What is the difference between microprocessors & microcontrollers ?,0
How does an abacus work ?,0
Why are peanut butter cookies topped with crisscrosses ?,0
How do I know how much money to save for retirement ?,0
What was the claim to fame of King Camp Gillette ?,0
How did the war of 1812 affect Delaware ?,0
How can I register my website in Yahoo for free ?,0
What does the word affiant mean ?,0
How do you clean badly tarnished brass ?,0
How do clouds form ?,0
What is an annotated bibliography ?,0
"In the song `` Yankee Doodle , '' why did Yankee Doodle stick a feather in his cap and call it macaroni ?",0
What is the Hub of London ?,0
How do you get to the top of the Eiffel Tower ?,0
What is the hair style called that new military recruits receive ?,0
What is Shalom ?,0
What are the words to `` My Way '' written by Paul Anka ?,0
How do you identify prime numbers ?,0
What are the requirements for becoming a citizen of Australia ?,0
What 's the motto of the Boy Scouts ?,0
What was the filling in the first golf balls ?,0
What is `` alternative '' anymore ?,0
What makes sperm ?,0
What is the Lost Colony ?,0
What caused an adjournment of the 25th anniversary session of the United Nations General Assembly ?,0
How do I find out what cities are in a certain area code ?,0
What is a hyperlink ?,0
What will a compass do in outer space ?,0
What is deconstructionism ?,0
What is Australia Day ?,0
What do the figures represent on the Easter Island ?,0
What is `` snoogans '' ?,0
What did n't Rocky Marciano do in his pro boxing career ?,0
Why is Microsoft 's Windows 3 software so successful ?,0
What is hydrogen ?,0
How does the chain of command work inside an US army Apache helicopter ?,0
What will happen when sodium is put in water ?,0
What causes headaches ?,0
How do they raise the cranes when building high-rise buildings ?,0
Why does it say on children 's cough syrup not to drive while using this medication ?,0
What is the origin of `` jiggy '' as in getting jiggy with it ?,0
"In Waugh 's `` A Handful of Dust , '' what does the mad old man force the hero to do every afternoon ?",0
What does gringo mean ?,0
What is graduate school ?,0
Colin Powell is famous for what ?,0
How do I legally make my own will and testament ?,0
How do chickens have baby chicks ?,0
What is a ` borrow pit ' ?,0
What is diabetes ?,0
What is a drought ?,0
How can I easily remove red wine stains from t-shirts ?,0
How do websites like Yahoo and Excite make money ?,0
How do they get Teflon to stick to the pan ?,0
What are hook worms ?,0
What are people doing to help prevent the extinction of birds ?,0
What is literary criticism ?,0
What causes canker sores in the mouth ?,0
What ever happened to the once popular Yale Lock Company ?,0
What is a glory hole ?,0
How did ` stat ' come to be used as an expression for quickly ?,0
What does `` saute '' mean ?,0
What are Bellworts ?,0
What do I have to do to get good grades in school ?,0
How is the word ` qigong ' pronounced ?,0
What is the history of yo-yos ?,0
What is the meaning of the name Ella ?,0
Hazmat stands for what ?,0
What is the definition of spamming ?,0
What do you do when your mouse is n't working as fast as it 's supposed to ?,0
What is the medical condition of hypertension ?,0
Why is the development of space so important ?,0
What did Lenny Bruce say that got him arrested ?,0
What is a transistor ?,0
What are the seven virtues ?,0
What are differences between 1980 and 1990 ?,0
How do fuel injectors work ?,0
What is hypertext ?,0
What is habeas corpus ?,0
How did the Great Depression affect Japan 's history ?,0
What 's the distinction of U.S. Supreme Court Justice Thurgood Marshall ?,0
What is the text of the Fifth Amendment ?,0
How do I get another city 's newspaper ?,0
What does palindromic mean ?,0
What is a urologist ?,0
What 's the proud claim to fame of the young women who formed Kappa Alpha Theta ?,0
What does an echidna look like ?,0
How does lightning travel ?,0
What effect does LSD have on the brain ?,0
What is the nature of snow and how is the formation of snow different from that of ice ?,0
How you can raise your IQ ?,0
"What is the 401 , K , plan ?",0
What is the function of the appendix ?,0
What incident caused the canning of a summit conference between Eisenhower and Khrushchev ?,0
What is hebephrenia ?,0
What was the Vietnam War ?,0
What happened during the Blackhawk Indian war of 1832 ?,0
What is the difference between a fruit and a vegetable ?,0
Where did marijuana come from ?,0
"How can I find online spelling , and punctuation drills for my 6th grader ?",0
What 's the difference between J.D. and LL.M. ?,0
What are the side effects of mevacor ?,0
How do I do this ?,0
How did Bob Marley die ?,0
How does a scientific calculator work ?,0
What is the origin of music ?,0
What are some children 's rights ?,0
What do pointed letters mean to a handwriting analyst ?,0
What effect does a prism have on light ?,0
How come light bulbs go out ?,0
What is barnstorming ?,0
What 's new in the postal world in 1999 ?,0
What did the Confederate Constitution say about slavery ?,0
What causes the body to shiver in cold temperatures ?,0
What information can you get me on Fairground Park in St. Louis,0
Why do people get calluses ?,0
Where did the name root beer come from ?,0
What will the weather be today ?,0
Why are there olives in martinis ?,0
What is a pig in a poke ?,0
How can a foreigner get a U.S. Social Security card ?,0
How do you select wine ?,0
What is the Kashmir issue ?,0
What are geckos ?,0
What is a leaky heart valve ?,0
What is the history of the hairdryer ?,0
Why do some clothing labels say `` Use a nonchlorine bleach '' ?,0
How can you tell if someone is lying ?,0
"What do the number 1 , 2 , and 4 mean on Dr. Pepper bottles ?",0
What are the seven deadly sins ?,0
How do you determine heating requirements for your home ?,0
What 's nature 's purpose for tornadoes ?,0
What is porphyria ?,0
What category does the color pink denote in the Trivial Pursuit Baby Boomer Edition ?,0
What does e=mc2 mean ?,0
Where did Indian Pudding come from ?,0
What is a multiplexer ?,0
What else has the swastika stood for ?,0
What effects do nitrates have on the environment ?,0
What were the causes of the Civil War ?,0
What causes tuberculosis ?,0
What is Remembrance Day all about ?,0
"In My Antonia , how is Mr. Shimerda out of place on the farm ?",0
How did the jack-o '-lantern get it 's name ?,0
Where did the term `` 86 '' come from ?,0
What is the definition of cecum ?,0
Where do chihuahuas come from ?,0
What is a tonne ?,0
What is the difference between a college and a university ?,0
What do the 12 days of Christmas mean ?,0
How do you make the color purple ?,0
What is the virus HIV ?,0
What is a caul ?,0
What is `` Nine Inch Nails '' ?,0
What is ethylene ?,0
Where did the saying `` rule of thumb '' come from ?,0
How do you make dumplings ?,0
What is the economic impact of unemployment on the economy ?,0
Why is the grass green ?,0
How does the Nintendo `` Zapper '' work ?,0
Give a reason for American Indians oftentimes dropping out of school .,0
How did former WWF wrestler Rick Rude die ?,0
What does camera-ready art mean ?,0
What is troilism ?,0
What is false consciousness ?,0
How can anyone tell if a female had sexual intercourse ?,0
How does marl form and what mineral does it contain ?,0
What is an auto-commentary ?,0
What is the definition of the Scrabble word ` syzygy ' ?,0
What is pandoro ?,0
How do you box train a cat ?,0
What is the origin of the word nevermind ?,0
What is Olestra ?,0
What caused Harry Houdini 's death ?,0
What is the origin of the expression `` four-letter word '' ?,0
"What are the factors leading to the high teen pregnancy rate in Spartanburg , South Carolina ?",0
Why were the American soldiers in WWI called `` Doughboys '',0
How does a small businessman contact the Good Humor Ice Cream company to do business with them ?,0
What is `` bloodhound '' ?,0
What is the difference between love and infatuation ?,0
What is amezaiku ?,0
What is `` dew point '' ?,0
What are the Low Countries ?,0
What does Lloyd 's Lutine Bell announce ?,0
How come a doughnut has a hole in it ?,0
What does a red flag mean in auto racing ?,0
What causes someone to be ticklish ?,0
How is the element strontium purified ?,0
What facial feature did Walt Disney sport that none of Disney 's employees is allowed to ?,0
What do Christian Scientists believe in ?,0
What 's the rathaus in Frankfurt ?,0
What is a handheld PC ?,0
What does an emperor do ?,0
"What are Kythnos , Siphnos , Seriphos and Mykonos ?",0
What can be done about snoring ?,0
How do you do a bibliography page ?,0
What is Win Rah ?,0
What is leukemia ?,0
How do I register a trade name in North Carolina ?,0
What is Occam 's Razor ?,0
What was The Living Room War ?,0
Why do they call it a `` funny bone '' ?,0
What are faults in the earth 's crust ?,0
What are dingoes ?,0
How can your school march in the Macy 's Thanksgiving Parade ?,0
What is the purpose of a car bra ?,0
What is the main application of sodium hydrosulfite ?,0
How do I tie dye clothes ?,0
What is the purpose of BIOS ?,0
What are amicable numbers ?,0
What is color ?,0
How do you ask a total stranger out on a date ?,0
How do I know if I am pregnant ?,0
Why are organ transplants more successful today ?,0
Why can 't ostriches fly ?,0
What does `` intractable plantar keratoma '' mean ?,0
What is a disaccharide ?,0
What did Cool Hand Luke go to jail for ?,0
What nuclear process takes place in an H-bomb ?,0
What is InterLata Internet service ?,0
What does the double-O indicate in 007 ?,0
What is the Immaculate Conception ?,0
How does light travel through the void of space if there is no medium for it to ` wave ' or ` pulse ' .,0
What is the definition of low island ?,0
How do you clean an LCD monitor screen ?,0
How does an ion drive work ?,0
How do you exterminate bees that are in the walls of your home ? Will bee eggs remain over winter ?,0
What was unusual about Alexandra 's appearance in Josie and the Pussycats ?,0
What is Megan 's law ?,0
How do you get a broken cork out of a bottle ?,0
How can I find online spelling ?,0
What is multimedia ?,0
What 's the origin of the word ` news ' ?,0
What function does homeostasis have on the existence of an organism ?,0
How do you correctly say the word ` qigong ' ?,0
What does the dot on the letter i mean ?,0
Why is the moon different sizes and colors ?,0
How do you stop junk snail mail ?,0
What are perfect tenses ?,0
Why didn 't European colonial rule spread until after the first and second industrial revolutions ?,0
"Why are sometimes your hands cold , but the rest of you isn 't ?",0
What are some interesting facts and information about dogsledding ?,0
Why do some people have two different color eyes ?,0
What is the meaning of `` subaru ? '',0
What are manifest and latent function theories ?,0
What 's the difference and advantages of selecting a Super VHS VCR over plain VHS model ?,0
What 's the mystery of the Bermuda Triangle ?,0
Why are eggs supposed to be stored small end down ?,0
How does hair curl ?,0
What function does a community 's water tower serve ?,0
How is water treated to make it safe to drink ?,0
Why are the U.S. presidential elections held in November ?,0
What is The Gay Science ?,0
What does verdandi mean ?,0
How do you become a dentist ?,0
How do vending machines tell if your dollar is a 1 or a 5 ?,0
What are tannins ?,0
What is the origin of thank you notes ?,0
How do I find a snowboarding website ?,0
What is the origin of the rock band Led Zeppelin 's name ?,0
How does a hurricane form ?,0
What are equity securities ?,0
What is a pyrotechnic display ?,0
What do Mormons believe ?,0
Colin Powell is most famous for what ?,0
What does laser stand for ?,0
How can I get someone 's phone number if I only have their screen name ?,0
How do you use `` farther '' as opposed to `` further '' ?,0
Why does a woman have to be a virgin to be a nun ?,0
What are field effect transistors ?,0
What causes the redness in your cheeks when you blush ?,0
What is the poetic meter of blank verse ?,0
What do you need to do to marry someone in jail ?,0
How close a cousin was Franklin D. to Theodore Roosevelt ?,0
How do cameras take pictures ?,0
"What does caliente mean , in English ?",0
What is the origin of Boxing Day ?,0
How did U.S.A become involved in the Barbary Wars,0
What is a geoscientist ?,0
What is a swatch ?,0
What is a wop ?,0
What is pasta ?,0
How does ultraviolet light damage the DNA of skin cells ?,0
What is a hydrogen bond ?,0
What is the origin of U.S. Army sergeant 's stripes ?,0
"What is the origin of the term `` blue moon , '' and how often do they occur ?",0
Define the Pheonix Club ?,0
What is dry ice ?,0
How can I find out which cities have cable-modem access ?,0
How can you stop the itch from poison ivy ?,0
"What was Suzy Parker doing to earn $1 , 000 in the early 1950 's ?",0
What is Toulmin logic ?,0
How is Paraguay for vacations ?,0
What is idealab ! ?,0
What is e-commerce ?,0
What excuse did the NATO people give for hitting the Chinese embassy ?,0
What is the English meaning of caliente ?,0
How do you fix squeaky floors ?,0
Why is poop sometimes different colors ?,0
What is the secret of the universe ?,0
What is the distinction of Erle Stanley Gardner 's The Case of the Terrified Typist ?,0
How do I find a web address for a company ?,0
How do I start a bank ?,0
What are the alveoli ?,0
What was the verdict in the 1925 trial of John T. Scopes ?,0
How can scientists predict weather by observing clouds ?,0
How do they type Chinese characters on a keyboard ?,0
How do you dunk ?,0
What is the filmmakers collabrative ?,0
Why did Europeans first come to Australia and Oceania ?,0
How does the tail affect the flight of a kite ?,0
Why did the Globe Theatre burn down ?,0
How is the new Ford Econoline van F25 V1 engine ?,0
How do you pronounce `` Tzimisce '' ?,0
"What are some fun things to do in Cozumel , Mexico for teenagers ?",0
What is the feudal system ?,0
What can I do to get into an Ivy League school ?,0
How can I get a CCT diagram ?,0
What is God ?,0
What is Linux ?,0
What is Doegs ?,0
How is ` qigong ' properly pronounced ?,0
What is Spumante ?,0
What is Plc ?,0
What is D.B. Cooper known for ?,0
"What is the origin of the midwest slang , ` you 're darn tootin ' ?",0
What is digitalis ?,0
What is Srpska Krajina ?,0
What is the `` coppertop '' battery ?,0
What is the cause of endangered species ?,0
What is a person 's socioeconomic position ?,0
What is the difference between hair and fur ?,0
What is the history of skateboarding ?,0
From what cause does tuberculosis stem ?,0
What is the origin of U.S. Army sergeant 's stripes ?,0
Why is Jane Goodall famous ?,0
Why do we have to go to school ?,0
What are the lyrics to `` Smelly Cat '' ?,0
What are the most common causes of death in the U.S. ?,0
What is object-oriented design ?,0
What 's the difference between sleet and freezing rain ?,0
What did Richard Feynman say upon hearing he would receive the Nobel Prize in Physics ?,0
What is Archimedes famous for ?,0
"What do I need to do to take my dog with me to live in Dominica , West Indies for a year ?",0
What is different about the red and black fox ?,0
What are the benefits of a rowing machine ?,0
What does the name `` Justin '' mean ?,0
Why did the world enter a global depression in 1929 ?,0
What have you not let a tennis ball do if you volley ?,0
How do I find info about rice importers in the world ?,0
What are the Urals ?,0
How can you get rust stains out of clothing ?,0
What are snowballs to a hot-rodder ?,0
What is Margaret Thatcher known for ?,0
What must a Las Vegas blackjack dealer do when he reaches 16 ?,0
What currents affect the area of the Shetland Islands and Orkney Islands in the North Sea ?,0
What did John F. Kennedy consider his greatest blunder in office ?,0
What makes hamburgers taste like steakburgers ?,0
How does General Mills manufacture Cheerios ?,0
What do players try to do when the music stops in a game of musical chairs ?,0
What was the reason for the partition of the Anglican and Vatican churches ?,0
How can I give myself a French manicure ?,0
What 's the Red Planet ?,0
What is e-commerce ?,0
How was Teddy Roosevelt related to FDR ?,0
How do I log on to home page at Headquarters U.S. European Command ?,0
Why did Egyptians shave their eyebrows ?,0
What does the name ` Alexandra ' mean ?,0
Why is Rush 's 2112 called 2112 ?,0
What is idealab ! ?,0
What is gymnophobia ?,0
What is thalassemia ?,0
What is an urban legend ?,0
How do you measure the heat of the sun ?,0
What is Jane Goodall known for ?,0
What makes a tornado turn ?,0
Why is black the color of mourning in the West ?,0
What are some chemical properties of mendelevium ?,0
What is Candlemas Day ?,0
What facial feature typically contains about 55 hairs ?,0
How do companies cut paper so thin ?,0
What does Choo Choo Charlie say ?,0
What is the origin of the Christmas tree ?,0
What is power steering ?,0
What is a wet dream ?,0
"What is the origin and the meaning of the name , `` Hajo ? ''",0
"What is the meaning of W.B. Yeat 's poem , `` The Three Hermits ? ''",0
How does Zatanna perform her magic in DC comics ?,0
"Why do USA fax machines not work in UK , NNP ?",0
What is the executor in a will ?,0
What made the short-lived Star Hawks strip so unique ?,0
What do you say to a friend who ignores you for other friends ?,0
What is a common dolphin ?,0
Why do they call a hamburger a hamburger when there is no ham ?,0
What is platinum ?,0
How do you do a topic outline ?,0
Why is hockey so violent ?,0
What is the origin of the city `` Corpus Christi '' ?,0
What is a horologist ?,0
Why did several San Diego schools stop serving apples to students ?,0
How do I stop background noise in a car stereo ?,0
What causes `` rolling thunder '' ?,0
How effective are condoms in protecting against AIDS ?,0
"What was the proper Laugh-In respones to : `` Say goodnight , Dick '' ?",0
What is the difference between a bottle and a jar ?,0
What do Japanese school uniforms look like ?,0
Why was the zipper invented ?,0
What is the origin of thank you notes ?,0
Why are ice cream sundaes called sundaes ?,0
What is the Order of the Arrow in Boy Scouts ?,0
What does the Latin ante mortem mean ?,0
What is a serigraph ?,0
What is the classic definition of tragic hero ?,0
What is a bone marrow transplant ?,0
Why do people shake hands to show friendliness ?,0
What is a Chinese `` spouting '' bowl ?,0
What is the origin of the word `` attic '' ?,0
"What clause in the U.S. Constitution may not be changed , altered or amended ?",0
What is typhoid fever ?,0
What motto ended Merrie Melodies cartoons ?,0
"What is the history of Spartacus , the Roman slave and gladiator ?",0
What does Venus Retrograde mean ?,0
What is June 's birthstone ?,0
How can you be happy ?,0
What is the difference between a preface and a foreword ?,0
What is a nanometer ?,0
How do you recognize anorexia ?,0
What does a nihilist believe in ?,0
What do you know about multicultural and multilingual schools ?,0
How can I gain access to a spy satelite ?,0
What is the Home Rule Act ?,0
What is prepared mustard ?,0
What are the Arabic Numerals from 1 to 10 ?,0
What was an `` Asiento '' ?,0
What is Cabarnet Sauvignon ?,0
What is the cultural origin of the ceremony of potlatch ?,0
What are tonsils for ?,0
Why are lions called `` King of the Jungle '' ?,0
Why do n't you guys have some sort of contest where you ask a question and whoever finds the answers wins a prize ?,0
What is the origin of the word Marijuana ?,0
What does Aaron mean ?,0
What 's a male `` cuckquean '' ?,0
What is Butterfield 8 in Butterfield 8 ?,0
How is a hydrogen bomb different from a nuclear bomb ?,0
What is fiber in food ?,0
What did John Hinckley do to impress Jodie Foster ?,0
What happens when a body part falls asleep ?,0
What is a heuristic ?,0
What did Delilah do to Samson 's hair ?,0
What is a cullion ?,0
What was the verdict in the trial of Lizzie Borden ?,0
What are Maid-Rites ?,0
What is a nematode ?,0
What was a Mae West on a World War II battleship ?,0
What is making love ?,0
What does the number 33 on the Rolling Rock beer bottle mean ?,0
Why is Indiglo called Indiglo ?,0
How is Answers.com different from KnowPost.com ?,0
What is a philanthropist ?,0
How do I check if my modem is v.9 compatible ?,0
What is the origin of the word `` Teddy bear '' ?,0
What is a virtual IP address ?,0
What is the origin of the term soda jerk ?,0
Why do you say `` God bless you '' when people sneeze ?,0
What 's the meaning of the zoological term ruminant ?,0
What is the difference between khaki and chino ?,0
Why does a candle need a wick ?,0
What is the meaning of `` CPR '' ?,0
How does a rainbow form ?,0
What is sound ?,0
What are Cushman and Wakefield known for ?,0
How is plastic made ?,0
What happened in the Long March ?,0
What is a neurosurgeon ?,0
How do birds find their way back to the same place every year ?,0
How did Jayne Mansfield die ?,0
What 's a water funnel ?,0
"What is the origin of the word , magic ?",0
What is artificial intelligence ?,0
What is a stratocaster ?,0
What does Esa-Pekka Salonen look like ?,0
How does Belle describe her life in Beauty and the Beast ?,0
What is the difference between pop music and rock and roll ?,0
"Why is the universe flat , if it started by an explosion , shouldn 't it be a sphere ?",0
What is the definition of a witch ?,0
What makes you fat ?,0
What are values ?,0
Why does a candle go out when we blow on it ?,0
How can I look up someone 's E-mail address on the Internet ?,0
What is splatterpunk ?,0
What are the Twin Cities ?,0
What is the origin of the word `` mind '' ?,0
What are the powers and weaknesses of Green Lantern 's ring ?,0
How do you match a name to a social security number ?,0
How was the ACLU formed ?,0
"Why does a wheel , e.g. a car tire , appear to spin in the opposite direction as it slows down ?",0
How do I know if I 'm jealous of someone ?,0
How were the days of the week named ?,0
What is Nitrox diving ?,0
What is the meaning of Jesus ?,0
"What is the meaning of caliente , in English , ?",0
What is the Bernoulli Principle ?,0
What is Greek pita ?,0
What was the importance of Magellan ?,0
How did the bikini bathing suite get its name ?,0
What does storm wave mean in Japanese ?,0
How do you buy stocks ?,0
How do you find out what is allowed to claim as a contibution for income tax purposes ?,0
How can I determine the radius of an ellipse ?,0
What was the effect of the Yalta Conference ?,0
What is the meaning of the name Kathryn ?,0
How do hermit crabs reproduce ?,0
How is an executioner determined ?,0
How do boats float ?,0
What does Melissa mean ?,0
What is meant by blood SED rate ?,0
Why are there letters on the telephone ? Why are there no Q or Z ?,0
How do you look up criminal records on the Internet ?,0
What is viscosity ?,0
What is crabgrass ?,0
How does crosstalk relate to InSb thickness in infrared detectors ?,0
What are Maid-Rites ?,0
How can I get a comic character I made copyrighted and published ?,0
"What are vermicilli , rigati , zitoni , and tubetti ?",0
What happened to Answers.com ?,0
What is ` Last Chance for Animals ' ?,0
What is the definition of the term `` weapons system '' ?,0
What is real time processing ?,0
What does the name Melissa mean ?,0
How do you get a girl to have sex with you ?,0
How do I increase my biceps ' size ?,0
Where does `` bovine '' come from ?,0
What is the origin of head lice ?,0
What does the term `` spaghetti western '' mean ?,0
How does color affect a person psychologically ?,0
What is he doing now ?,0
What was the outcome of the 1945 Yalta Conference ?,0
What are boxcars ?,0
How do you make panoramic sugar eggs for Easter - the ones with the scene inside ?,0
What is federal income tax ?,0
Why do we call someone `` honey '' ?,0
What does it mean `` Rupee Depreciates '' ?,0
How do I impress a guy ?,0
What was the Long March in China ?,0
What is the weather like on the moon ?,0
How do you calculate the change in enthalpy of a chemical reaction ?,0
How does rabies spread ?,0
How did serfdom develop in and then leave Russia ?,0
What is the spectrum of a sine wave ?,0
Why was Curious George curious ?,0
How does psorisis disappear ?,0
What are the Poconos ?,0
How does blood clot ?,0
How do I get a complete list of all the people that are living with the last name Kilvington ?,0
Why do magnets attract ?,0
What is the definition of `` chancery '' file in real estate ?,0
Shea and Gould closed their Los Angeles office for what reason ?,0
How is it correct to say ` qigong ' ?,0
What does Robert mean ?,0
What is measured in curies ?,0
What is the daily requirement of folic acid for an expectant mother ?,0
What is a virtual IP address ?,0
What 's a `` coup de poing '' to a French boxer ?,0
What makes thunder ?,0
How do I sing like Elvis Presley ?,0
What are Fortune 500 companies ?,0
Why is the mile 528 feet ?,0
What is tyvek ?,0
What is capitalism according to Max Weber ?,0
What is the Internet2 ?,0
What good are mosquitoes ?,0
What happened to Moon Maiden ?,0
How do I tie a tie ?,0
How do you make a paintball ?,0
What is fellatio ?,0
What is Colin Powell best known for ?,0
What is the origin of the word trigonometry ?,0
What is the origin of the typing practice sentence `` Now is the time for all good men to come to the aid of their country '' ?,0
"Why do some jets have a vapor trail , and others do not ?",0
What does the Georgetown `` Hoya '' mean ?,0
What caused the Lynmouth floods ?,0
How does marijuana lead to other drugs ?,0
Why shouldn 't you remove a bee stinger with tweezers ?,0
How does a chick breathe inside an egg ?,0
How do you solve `` Rubik 's Cube '' ?,0
What is a bone marrow transplant meant for ?,0
How can I get someone 's email address ?,0
How can I get rich quick ?,0
Why do pharmacists work on raised floors ?,0
What happens to the female body with lack of sleep and food ?,0
What made Jane Goodall famous ?,0
Where did the marriage ceremony come from ?,0
How does a hydroelectric dam work ?,0
What happened to Phillip Taylor Kramer ?,0
What is object-oriented design ?,0
What does the name Jenna mean ?,0
Where does the expression `` cloud nine '' come from ?,0
What is `` the washed vodka '' ?,0
What is Garry Kasparov famous for ?,0
How do you tell somebody you like them ?,0
Why was the L.A. office of Shea and Gould closed ?,0
What is `` cat scratch fever '' ?,0
What is the Motto for the State of Maryland ?,0
What is the origin of the surname of Braun ?,0
What is a leper ?,0
What is the biblical meaning of ` stones ' ?,0
What is proposition 98 about ?,0
What is a specimen of basidiomycetes ?,0
What is home banking ?,0
What is the origin of the name Katie ?,0
How is energy created ?,0
What is a `` node '' in computer terms ?,0
What is La Nina ?,0
What 's an auberge in France ?,0
What is the definition of a cascade ?,0
What is the Peloponnesian League ?,0
What are the short- and long-term effects of underage drinking ?,0
What are liver enzymes ?,0
What is the origin of the word `` amen '' ?,0
"What 's the meaning of the Latin battle cry : Ad arma , ad arma .",0
What is the difference between jazz and blues ?,0
How does a glacier form ?,0
Where did the energy for the Big Bang come from ?,0
What is the origin of the word `` tampon '' ?,0
What is moxie ?,0
What is dew point ?,0
How did Rocky Marciano die ?,0
Why are so many umbrellas black ?,0
What is Sinn Fein ?,0
Why do pressure cookers save time in the kitchen ?,0
Why are there no white lines on pro footballs ?,0
What does the term 3 mean to a newspaper editor ?,0
What is ouzo ?,0
How do you tell your parents you are dating an older man ?,0
What 's the difference between TFT and dual-scan display ?,0
Why can 't women serve in the Navy on board submarines ?,0
What causes asthma ?,0
How did Super President gain his powers on the animated series ?,0
How can I get some free technical information on Electric Vehicle ?,0
How do you determine if a computer monitor has an SVGA adapter ?,0
What is the difference between Neoclassical art and Romanticism art ?,0
"How can I find a list of , fax and or email , addresses for human resource departments in Massachusetts ?",0
What is a gas release event ?,0
What is the `` Global Economy '' ?,0
How do you find the area of a circle ?,0
How do I know someone is truly in love with me ?,0
What is the highest Roman numeral ?,0
What are the words to the Canadian National anthem ?,0
What causes panic attacks ?,0
Why were people recruited for the Vietnam War ?,0
What does the name `` Sheri '' mean ?,0
What is film noir ?,0
How do I give a good massage ?,0
What is molybdenum ?,0
How did Edith Bunker die ?,0
What is the difference between a board of directors and an advisory board ?,0
What is the largest variety of cactus ?,0
How can I stop or slow down aging ?,0
What does Freddy Freeman say to become Captain Marvel Jr. ?,0
What is the history of the soft drink Mr. Pibb ?,0
What causes blue balls ?,0
Why do movie and TV stars get paid so much ?,0
What are the rules to `` snow golf '' ?,0
What is a caldera ?,0
What 's the Olympic motto ?,0
What are you hearing when you put a seashell to your ear ?,0
What is Java ?,0
Why did the Shea & Gould law firm leave Los Angeles ?,0
Where did the term `` 86ed '' come from ?,0
What is Compaq 's mission statement ?,0
What are the cookies in Internet ?,0
What is the difference between a bachelor and a 1 bedroom apartment ?,0
"What are Cobol , Fortran , and Pascal ?",0
How do you use an intranet ?,0
What are the living conditions in Cuba ?,0
What is in baby powder and baby lotion that makes it smell the way it does ?,0
What are the Greek numerals ?,0
What is the definition of hazmat ?,0
What is a wart ?,0
What are amphibians ?,0
What is `` Vocal Sampling '' ?,0
What is an isthmus ?,0
"What exactly , specifically does sleep do for you ?",0
How do you ask questions ?,0
What is agent orange ?,0
"What was Al Capone finally imprisoned for , in 1931 ?",0
How does a submarine operate ?,0
What are the medical purposes of `` clitoridectomy '' ?,0
What do bee hives do in cranberry bogs ?,0
How do they produce vitamins ?,0
Where do rocks come from ?,0
What is form drag ?,0
How do I find out the exact time of a sunset for a particular day ?,0
Why can 't you taste anything when you have a cold ?,0
"What is Black Hills , South Dakota most famous for ?",0
What are the words to the song sung by `` Banana in Pajamas '' ?,0
"What was the first Funk 'N Lata , Brazilian group , success ?",0
What is goulash ?,0
What is cunnilingus ?,0
What is the orgin of xoxoxox ?,0
What do a diamond and lump of coal have in common ?,0
How can you define time ?,0
What is the origin of the word `` mushroom '' ?,0
What is an example of an actual case of using the Fourteenth Amendment ?,0
How do doctors diagnose bone cancer ?,0
What is a biologist ?,0
What causes an earthquake ?,0
What 's the meaning of UOL ?,0
"What according to the Kinsey Institute , is the sexual preference of four percent of American males ?",0
"Why do people get goosebumps when they have something emotional happen to them , like when they hear a beautiful piece of music , or see something beautiful , or get aroused by someone they love ?",0
What was the Chivington Massacre ?,0
Why do recipe books recommend starting with cold water when you boil something ?,0
How did Asia get its name ?,0
How can I find out my biorhythm ?,0
What is osteichthyes ?,0
How does salt melt ice and snow ?,0
What characteristics contribute to its `` intelligence '' ?,0
How is cologne made ?,0
How has TV affected our society ?,0
Why did the Anglican church split from the Vatican ?,0
What is a courier ?,0
What are a baseball team 's firemen ?,0
What does Ouija mean ?,0
Why is the word `` abbreviation '' so long ?,0
What is the origin of the first name ` Breony ' ?,0
Why are there 12 people on a jury in criminal cases ?,0
What is the origin of the word assassinate ?,0
What is a mathematical factor ?,0
What is a Guild ?,0
What is difference between a poster and a print ?,0
How do storms form ?,0
"What do Hank Aaron , Jimmy Stewart , and Howard K. Smith have in common ?",0
What is ethology ?,0
Why did the Aztecs first think the Spanish were Gods ?,0
What is the origin of the word `` pallbearer ? '',0
How do movie blues screens work ?,0
What is spaceball played on ?,0
How do wasps make their nests ?,0
Define Spumante .,0
What is a conifer ?,0
What is an aurora ?,0
What is lung cancer ?,0
How did the U.S. come into the possession of an empire in the wake of the Spanish-American War ?,0
What does seccession mean ?,0
What 's a short ton ?,0
What would happen to Canada if Quebec separated ?,0
Why should cigarette smoking be banned ?,0
How do you write MLA style bibliographies for an Internet source ?,0
What were the three prophecies the witches make to Macbeth ?,0
Why did several San Diego schools remove apples from students menus ?,0
Why do horseshoes bring luck ?,0
How is thalassemia defined ?,0
What is the difference between the Koran and The Bible ?,0
What are the limits to `` self-defense ? '',0
What baseball expression came from the nautical term for ships sailing between the Atlantic and Pacific before the Panama Canal ?,0
What is the circumorbital hematoma ?,0
What does `` extended definition '' mean and how would one write a paper on it ?,0
What is the origin of the name Igor ?,0
How do you reference a website ?,0
What does Tiffany mean ?,0
What are those little blue reflectors in the middle of the road for ?,0
How can I find out how much income tax is paid on Social Security income on the 1998 income tax ?,0
What revelation did Alexander Butterfield make to the Senate Watergate committee ?,0
How do I love thee ?,0
What is a `` repeating voter '' ?,0
What is a rhomboideus minor ?,0
What is a Cartesian Diver ?,0
What is Zionism ?,0
How did the tradition of best man start ?,0
What personality traits are Capricorns said to have ?,0
How can I trace my family roots ?,0
How did Peabody and Sherman travel through time ?,0
How can I get my product licensed by the NBA ?,0
What is the origin of the expression `` tout de suite '' ?,0
How does the Elongated Man know a mystery is afoot ?,0
"What was the claim to fame of Explorer I , launched February 1 , 1958 ?",0
What is the origin of the name ` Scarlett ' ?,0
What do I need to learn to design web pages ?,0
What is Tetrinet ?,0
How do they find or choose witnesses to an execution ?,0
What is a bourdon tube ?,0
What exactly is the purpose of the anteater ?,0
What does the name Calder mean ?,0
How can I find out how much it costs to raise a baby for six months ?,0
Why did the chicken cross the road ?,0
What is humidity ?,0
What made the Finger Lakes in western New York state ?,0
What is the difference between ninjitsu and kung fu ?,0
What is the S&P 500 used for ?,0
What is a meerkat ?,0
What happened to Pepsi Clear ?,0
What is the origin of blue for boys and pink for girls ?,0
How did Socrates die ?,0
How would someone go about becoming an organ donor ?,0
What does the name Kelly mean ?,0
Why do girls have to wear training bras ?,0
What is the difference between college and graduate school ?,0
What is a cake of soap ?,0
"What do Caroll Baker , Tammy Grimes , Debbie Reynolds , and Judy Garland all have in common ?",0
What does the term glory hole mean ?,0
What is endometriosis ?,0
How did Lee Harvey Oswald purchase his rifle ?,0
What is so powerful about Power Bars ?,0
What is a Jellicle Cat ?,0
What qualifications are there for individuals donating blood ?,0
What is Bombay duck ?,0
How do you write a book report ?,0
What is chromatology ?,0
What is osmosis ?,0
What are the Valdez Principles ?,0
What do the names Andrew and Christina mean ?,0
What should you yell to hail a taxi in Madrid ?,0
What does the word `` opera '' mean ?,0
What makes a clitoris sensitive ?,0
How do you build a solar car for a high school experiment ?,0
What is Betsy Ross famous for ?,0
What is a Devo hat ?,0
How does food color affect how you think it will taste ?,0
"Why was Washington , DC originally called District of Columbia ?",0
What are shooting stars ?,0
What is the difference between a generator and an alternator ?,0
What 's the meaning of the name Tatiana ?,0
Why is Microsoft 's Windows 3 such a successful computer program ?,0
"What was Nine Tailors , the television show from 1974 , about ?",0
How does one correctly pronounce ` qigong ' ?,0
What 's the setting of John Le Carre 's A Small Town in Germany ?,0
What are `` inkhorn terms '' ?,0
How do you get dates with the `` Hooters '' girls ?,0
What is magnetar ?,0
How can I search for a word within my own webpage ?,0
What are chloroplasts ?,0
"What is the origin of the word , JJ .",0
What is the meaning of thalassemia ?,0
How is bubble wrap made ?,0
How can you become an FBI agent ?,0
What is swap math ?,0
How is silk screening done ?,0
What is the origin of the proverb `` A stitch in time saves nine '' ?,0
What is a Mexican hairless ?,0
What is Franz Kafka 's short story `` A Country Doctor '' trying to tell us ?,0
What is the origin of `` barbeque '' ?,0
What is software piracy ?,0
What is the origin of the peace symbol ?,0
What is a Canada two-penny black ?,0
What causes pneumonia ?,0
What does the name `` Sabrina '' mean ?,0
Why do oceans contain salt water instead of fresh water ?,0
What happened in the city of Dogtown in 1899 ?,0
How do you get rid on woodpeckers ?,0
How did water appear on the earth ?,0
What is cache memory ?,0
How is Answers.com funded ?,0
What are the current immigration laws in US ?,0
"What makes Black Hills , South Dakota a tourist attraction ?",0
What is infomatics ?,0
What happened in dogtown in 1899 to make that year remembered ?,0
How can you contact play producers and promoters on-line ?,0
What is the history of Buffalo chicken wings ?,0
What type of childhood did Jules Verne have ?,0
What is nuclear proliferation ?,0
How do Ouija Boards work ?,0
How do I find if my relatives were on the Trail of Tears ?,0
What is the difference between the anus and the rectum ?,0
What is it like to experience a near death episode ?,0
What does the name Gina mean ?,0
What is the difference between New York-style and Chicago-style pizza ?,0
"How does Cos Cob , CT get its name ?",0
How can you prevent it ?,0
How do ants have sex ?,0
What is a Certified Nurse Midwife ?,0
What is the theory of equivalence states ?,0
What is the function of RAM ?,0
What are my legal rights in an automobile repossession in California ?,0
What is the use of a 24-hour clock instead of a 12-hour clock ?,0
Why do eyes sometimes look red in photographs ?,0
What is limbo ?,0
How do you get bubblegum out of carpet ?,0
What makes popcorn pop ?,0
"How can people from Ireland come to the U.S. , work , and then return to Ireland ?",0
Why do roosters sing at five o 'clock in the morning ?,0
What is saltpeter ?,0
How do windmills work ?,0
How do I install a tile floor ?,0
How does it make its colors ?,0
"What does the Greek word polis mean , as in Minneapolis ?",0
What is the root of all evil ?,0
How do I start a web based business ?,0
How would I find the price of different organs that have been donated ?,0
Why does the sun shine only a short time in Alaska ?,0
How do I make fuel bricks from recycled newspaper ?,0
What is a dental root canal ?,0
How can I transport files from one computer to another ?,0
"What is the claim to fame of Agra , India ?",0
What is yohimbine ?,0
What are amaretto biscuits ?,0
How is saline used in medicine ?,0
What is usenet for the Internet ?,0
How do you make a million bucks ?,0
How was Lawrence,0
How successful is arometherapy ?,0
What is titanium ?,0
What is the history of `` the toast '' ?,0
How was the element calcium named ?,0
What is the song Stairway to Heaven by Led Zeppelin about ?,0
What 's the staff of life mentioned in the Lord 's Prayer ?,0
Why are haunted houses popular ?,0
What is the origin of infinity ?,0
Why do heavier objects travel downhill faster ?,0
How can SQL queries be improved ?,0
What is an ecological niche ?,0
What is the `` 7-minute cigarette '' ?,0
What does `` antidisestablishmentarianism '' mean ?,0
How do birds have sex ?,0
What is the design of the ship Titanic ?,0
What do economists do ?,0
What are the major differences in the Catholic and Methodist religions ?,0
Why does tuberculosis afflict people ?,0
What is the origin of the word Ozymandias ?,0
How do you address a Chinese person ?,0
What is an Angelus ?,0
What is mandibulofacial dysostosis ?,0
What is the `` fourth dimension '' ?,0
How did people respond to the idea of the first millenium ?,0
What is the Golden Rule ?,0
What caused the Titanic to sink ?,0
What is the origin of the word ` posh ' ?,0
What is recruitment interview technique ?,0
What is a green bog ?,0
What are the benefits of home school ?,0
What is `` the computer for the rest of us '' ?,0
How can I get in touch with Michael Moore of `` Roger & Me '' ?,0
How do I e-mail someone at aol.com from yahoo.com ?,0
What is white chocolate ?,0
What is the historical relationship of Catholic Church and bingo ?,0
How do you clean up a cache ?,0
How did P.T. Barnum bill the diminutive Charles S. Stratton ?,0
What does the name Shawn mean ?,0
What effect does friction have on perpetual motion ?,0
What is goldenseal ?,0
Why do men snore ?,0
How did shipyard inspector James J. Kilroy designate equipment as being satisfactory ?,0
What 's the claim to fame of night watchman Frank Wills ?,0
What are Christopher Marlowe 's and Shakespeare 's literary contributions to English literature ?,0
What does the name `` Anthony '' mean ?,0
What is the difference between terry cloth and French terry ?,0
Why is Chicago named Chicago ?,0
What is a `` False Moon '' ?,0
What makes salt ?,0
Why do rooftops give off steam after a big rainstorm ?,0
Why does sound travel quicker through water than air ?,0
What are bear and bull markets ?,0
How do I contact answers.com ?,0
What is narcolepsy ?,0
What is Smartnet ?,0
What does the donation process entail ?,0
How do you make a computer chip ?,0
What does the theory of quantum leaps mean in simpler terms ?,0
What is dextropropoxyphen napsylate ?,0
What is the origin of `` Beauty is in the eye of the beholder '' ?,0
How was the Kennedy money made ?,0
What causes rust ?,0
What is `` Chicago Hope '' ?,0
What is witch hazel ?,0
Why does it snow ?,0
What are the environmental influences on plant genetics ?,0
What is the Socratic method ?,0
What are binomial coefficients ?,0
How does a copier work ?,0
How do you handle a hungry man ?,0
How do you find oxidation numbers ?,0
How can I find a list of celebrities ' real names ?,0
What is the definition of cosmology ?,0
Why doesn 't www.answers.com have any answers to my questions ?,0
What caused the death of Bob Marley ?,0
What problems contributed to the high failure rate of Plains farmers in the 1800s ?,0
What is a gandy dancer ?,0
How do telephones work ?,0
What are the `` Star Wars '' satellites ?,0
What is the origin of the candy cane at Christmas ?,0
What is Boston Kreme ?,0
How do I find a city if I have the area code ?,0
How can I get started in writing for television ?,0
Describe the Long March .,0
"What does the word camaro mean , from the GM car the Camaro ?",0
What is a storm surge ?,0
What caused the division between the Anglicans and the Vatican ?,0
What causes a person to have constantly sweaty hands and feet ?,0
What does idle mean ?,0
How do they find an epicenter ?,0
"What do the names Neil , Mary , and Anthony mean ?",0
How do you write a correct critical analysis of a poem ?,0
What is a plant supplement ?,0
Why are there Braille things on the ATM machines that people drive through ?,0
How is digital audio used ?,0
What is carpal tunnel syndrome ?,0
Why does cotton get caught in belly buttons ?,0
How do plants make food ?,0
What causes rust ?,0
What happens when lightning strikes a body of water ?,0
How is carbon dioxide removed from natural gas ?,0
What is the origin of the term `` The Brooklyn Side '' in bowling ?,0
What is the difference between molecules and compounds ?,0
Why are the ears your center of balance ?,0
How can you tell when figs are ripe ?,0
What were the first words spoken on a film sound track ?,0
Where did the term fireplug come from ?,0
What 's the difference between carelessness and carefreeness ?,0
Why are the rooftops in Canada green ?,0
How did the months of the year get there name ?,0
What is hydroelectricity ?,0
"What was the claim to fame of the football game that saw Fordham defeat Waynesburg State 12601 on September 3 , 1939 ?",0
How do I change a file from an ART file to a JPEG or Bitmap file ?,0
What should you do for an ankle sprain ?,0
How do you do a bibliography with an unknown author ?,0
What is the difference between classical conditioning and operant conditioning ?,0
What is an arab strap ?,0
Why was Muhammad Ali stripped of his title and barred from boxing in 1967 ?,0
What is the definition of ` graphic details ' ?,0
How do I find out about jobs ?,0
What is the Amish religion ?,0
What does Las Vegas mean ?,0
What is hyperopia ?,0
What did Mighty Mouse always sing as he went into action ?,0
How does the car in `` Christine '' become possessed ?,0
What is the chemiosmotic theory ?,0
How can I enforce new rules to a group of youngsters who have been allowed to do as they please .,0
What is commonly considered the fifth sense ?,0
How do you send a movie transcript to Hollywood so that it can be produced into a film ?,0
What are the lyrics to the Star Spangled Banner ?,0
How do you throw a housewarming party ?,0
What is a hormone ?,0
What is the origin of the atom ?,0
What exactly is radiation ?,0
"What was archy , and mehitabel ?",0
Why is Thanksgiving on a Thursday ?,0
Why do we ask for the `` check '' and not the bill at a restaurant ?,0
How do I keep cats out of my flower garden for good ?,0
How does the speed the magnet spins in a generator affect the output of the generator ?,0
Define cosmology .,0
Why do people in the upper peninsula of Michagin say `` eh ? '' ?,0
What was the rallying cry of the early American revolutionaries ?,0
What caused Shea & Gould to close their L.A. office ?,0
What is `` the only cigarette made with no leftovers '' ?,0
What is the literal meaning of `` D-DAY '' ?,0
What is hypnotherapy ?,0
What is a phalanx ?,0
Why do many Native American students not complete college ?,0
For what reason did some San Diego schools stop serving apples ?,0
Define Sinn Fein .,0
How do you get silly putty out of fabric ?,0
How is Abigail Arcane related to the villainous opponent of the Swamp Thing ?,0
What is meant by the term `` yield to maturity '' in reference to bonds ?,0
What is being done about the millennium bug ?,0
What is the half-life of P-32 ?,0
What happens to used motor oil ?,0
How do microwaves work ?,0
How do I contact Answers.com direct ?,0
What is cosmology ?,0
What was the `` Dead Man 's Hand '' ?,0
Why were red M&Ms discontinued then brought back ?,0
What is the VDRL test of blood ?,0
What do the red-and-white stripes on a barbershop pole stand for ?,0
